{"cameraMode":{"drawMode":0,"name":"Shaded","section":"Shading Mode"},"sceneLighting":false,"audioPlay":false,"sceneViewState":{"showFog":true,"showMaterialUpdate":false,"showSkybox":true,"showFlares":true,"showImageEffects":true,"showParticleSystems":true},"in2DMode":false,"pivot":{"x":2.7321323159412716e-7,"y":-0.00003440862201387063,"z":-0.00005133999729878269},"rotation":{"x":0.6015474796295166,"y":-0.3588673770427704,"z":0.34579798579216006,"w":0.6243571043014526},"size":0.00005715767838410102,"orthographic":false}