{"cameraMode":{"drawMode":0,"name":"Shaded","section":"Shading Mode"},"sceneLighting":true,"audioPlay":false,"sceneViewState":{"showFog":true,"showMaterialUpdate":false,"showSkybox":true,"showFlares":true,"showImageEffects":true,"showParticleSystems":true},"in2DMode":false,"pivot":{"x":4.142058372497559,"y":4.276885509490967,"z":-0.9603055119514465},"rotation":{"x":-0.20285320281982423,"y":0.01967906951904297,"z":-0.004085798282176256,"w":-0.9790246486663818},"size":22.0,"orthographic":false}